model,endpoint,in_per_M,out_per_M,cache_read_per_M,ctx,quant,uptime_30m_pct
z-ai/glm-5.3,Reka,0.8775,2.97,0.1755,262144,fp8,98.6
z-ai/glm-5.3,Morph,0.8925,2.805,0.1466,1048576,fp8,98.4
z-ai/glm-5.3,DeepInfra,0.9,3.0,0.15,1048576,fp4,96.2
z-ai/glm-5.3,Novita,0.91,2.86,0.169,1048576,fp8,99.2
z-ai/glm-5.3,Io Net,0.91,3.08,0.182,262124,fp8,99.6
z-ai/glm-5.3,Phala,1.05,3.3,0.195,1048576,unknown,99.8
z-ai/glm-5.3,GMICloud,1.05,3.3,0.195,1048576,fp8,0
z-ai/glm-5.3,Makora,1.05,4.2,0.19,980000,fp4,97.3
z-ai/glm-5.3,Inceptron,1.0641,4.07,0.1771,1048576,fp4,99.9
z-ai/glm-5.3,DigitalOcean,1.078,3.388,0.2002,1048576,unknown,99.3
z-ai/glm-5.3,SiliconFlow,1.12,3.52,0.208,1048576,fp8,100
z-ai/glm-5.3,Sail Research,1.13,3.55,0.2,1048576,fp8,100
z-ai/glm-5.3,Sail Research,1.13,3.55,0.2,1048576,fp8,100
z-ai/glm-5.3,Decart,1.19,3.74,0.1955,1048576,fp4,99.6
z-ai/glm-5.3,Friendli,1.26,3.96,0.234,1048576,unknown,100
z-ai/glm-5.3,AkashML,1.3,4.4,0.26,1048576,fp8,100
z-ai/glm-5.3,BaseTen,1.4,4.4,0.14,1048576,fp4,100
z-ai/glm-5.3,Mistral,1.4,4.4,0.14,1048576,nvfp4,0
z-ai/glm-5.3,Alibaba,1.4,4.4,0.28,1000000,unknown,100
z-ai/glm-5.3,Baidu,1.4,4.4,0.26,1048576,fp8,0
z-ai/glm-5.3,Crusoe,1.4,4.4,0.26,1048576,fp4,86.3
z-ai/glm-5.3,Wafer,1.4,4.4,0.26,1048576,unknown,99.7
z-ai/glm-5.3,Venice,1.4,4.4,0.26,1000000,unknown,0
z-ai/glm-5.3,Together,1.4,4.4,0.26,1048575,unknown,91.8
z-ai/glm-5.3,Parasail,1.4,4.4,0.26,1048576,fp8,99.2
z-ai/glm-5.3,Modal,1.4,4.4,0.26,1048576,unknown,99.8
z-ai/glm-5.3,BaseTen,1.4,4.4,0.14,1048576,fp4,100
z-ai/glm-5.3,Fireworks,1.4,4.4,0.26,1048576,unknown,100
z-ai/glm-5.3,Cloudflare,1.4,4.4,0.26,1310720,unknown,0
z-ai/glm-5.3,AtlasCloud,1.4,4.4,0.26,1048576,fp8,100
z-ai/glm-5.3,Z.AI,1.4,4.4,0.26,1048576,fp8,99.1
z-ai/glm-5.3,BaseTen,2.1,6.6,0.21,1048576,fp8,100
z-ai/glm-5.3,BaseTen,2.1,6.6,0.21,1048576,fp8,100
z-ai/glm-5.3-flash,DeepInfra,0.075,0.25,0.015,1048576,fp4,98.5
z-ai/glm-5.3-flash,InferenceNet,0.09,0.28,0.02,1048576,fp4,95.6
z-ai/glm-5.3-flash,Relace,0.09,0.3,0.018,1048576,unknown,99.9
z-ai/glm-5.3-flash,Wafer,0.1,0.35,0.02,1048576,unknown,99.8
z-ai/glm-5.3-flash,GMICloud,0.105,0.35,0.021,1048576,fp8,99.5
z-ai/glm-5.3-flash,Novita,0.132,0.44,0.0264,1048576,fp8,99.6
z-ai/glm-5.3-flash,StreamLake,0.141,0.47,0.0282,1024000,fp8,99.0
z-ai/glm-5.3-flash,BaseTen,0.15,0.5,0.03,1048576,fp8,99.6
z-ai/glm-5.3-flash,Near AI,0.15,0.5,0.035,1048576,fp8,98.4
z-ai/glm-5.3-flash,Crusoe,0.15,0.5,0.03,1048576,fp4,94.1
z-ai/glm-5.3-flash,CoreWeave,0.15,0.5,0.05,1048576,nvfp4,0
z-ai/glm-5.3-flash,Sail Research,0.15,0.5,0.03,1048576,fp8,99.1
z-ai/glm-5.3-flash,AtlasCloud,0.15,0.5,0.03,1048576,fp8,97.4
z-ai/glm-5.3-flash,Fireworks,0.15,0.5,0.03,1048576,unknown,99.8
z-ai/glm-5.3-flash,Phala,0.15,0.5,0.03,1048576,fp8,99.3
z-ai/glm-5.3-flash,Friendli,0.15,0.5,0.03,1048576,unknown,99.2
z-ai/glm-5.3-flash,SiliconFlow,0.15,0.5,0.03,1048576,fp8,99.6
z-ai/glm-5.3-flash,DigitalOcean,0.15,0.5,0.03,1048576,unknown,82.9
z-ai/glm-5.3-flash,Together,0.15,0.5,0.03,1048575,unknown,98.8
z-ai/glm-5.3-flash,Reka,0.15,0.5,0.03,262144,fp8,99.9
z-ai/glm-5.3-flash,Parasail,0.15,0.5,0.03,1048576,fp8,99.6
z-ai/glm-5.3-flash,BaseTen,0.15,0.5,0.03,1048576,fp8,99.4
z-ai/glm-5.3-flash,Venice,0.15,0.5,0.03,1048576,unknown,95.4
z-ai/glm-5.3-flash,Io Net,0.15,0.5,0.03,262144,fp8,98.8
z-ai/glm-5.3-flash,Cloudflare,0.15,0.5,0.03,1310720,unknown,98.8
z-ai/glm-5.3-flash,Z.AI,0.15,0.5,0.03,1048576,fp8,92.0
z-ai/glm-5.3-flash,NextBit,0.18,0.6,0.036,1048576,fp8,99.8
z-ai/glm-5.3-flash,Modal,0.45,1.5,0.09,1048576,fp8,99.6
deepseek/deepseek-v4.1-flash,Alibaba,0.15,0.6,0.015,1000000,unknown,99.9
deepseek/deepseek-v4.1-flash,Relace,0.15,0.6,0.015,1048576,fp4,99.4
deepseek/deepseek-v4.1-flash,DeepSeek,0.15,0.6,0.003,1048576,unknown,100.0
deepseek/deepseek-v4.1-flash,Morph,0.195,0.78,0.0059,1048576,fp8,99.9
deepseek/deepseek-v4.1-flash,DeepInfra,0.2,0.6,0.006,1048576,fp8,99.7
deepseek/deepseek-v4.1-flash,Fireworks,0.22,0.66,0.007,1048576,unknown,99.4
deepseek/deepseek-v4.1-flash,GMICloud,0.285,1.14,0.0057,1048575,fp8,99.9
deepseek/deepseek-v4.1-flash,AtlasCloud,0.3,1.2,0.03,1048576,fp8,100.0
deepseek/deepseek-v4.1-flash,BaseTen,0.3,1.2,0.03,1048576,fp8,100
deepseek/deepseek-v4.1-flash,Makora,0.3,1.2,0.006,1048576,unknown,96.7
deepseek/deepseek-v4.1-flash,DigitalOcean,0.3,1.2,0.006,1048576,unknown,99.1
deepseek/deepseek-v4.1-flash,Together,0.3,1.2,0.006,1048576,unknown,100.0
deepseek/deepseek-v4.1-flash,SiliconFlow,0.3,1.2,0.006,1048576,fp8,100.0
deepseek/deepseek-v4.1-flash,Modal,0.3,1.2,0.03,1048576,unknown,98.8
deepseek/deepseek-v4.1-flash,Wafer,0.3,1.2,0.006,1048576,unknown,100
deepseek/deepseek-v4.1-flash,BaseTen,0.3,1.2,0.03,1048576,fp8,100
deepseek/deepseek-v4.1-flash,Parasail,0.3,1.2,0.006,1048576,fp8,98.5
deepseek/deepseek-v4.1-flash,Novita,0.3,1.2,0.006,1048576,fp8,100.0
deepseek/deepseek-v4.1-flash,Phala,0.345,1.38,0.0069,1048576,unknown,99.9
deepseek/deepseek-v4.1-flash,Venice,0.375,1.5,0.0075,1000000,fp8,99.8
deepseek/deepseek-v4-pro,StreamLake,0.9245,1.8489,0.077,1024000,fp8,99.4
deepseek/deepseek-v4-pro,Baidu,0.9261,1.8522,0.0767,1048576,fp8,100.0
deepseek/deepseek-v4-pro,GMICloud,0.957,1.914,0.0798,1048576,fp8,99.9
deepseek/deepseek-v4-pro,DigitalOcean,1.044,2.088,0.2088,1048576,unknown,100
deepseek/deepseek-v4-pro,Cloudflare,1.15,2.55,0.2,1048576,unknown,0
deepseek/deepseek-v4-pro,DeepInfra,1.3,2.6,0.1,1048576,fp8,99.4
deepseek/deepseek-v4-pro,Alibaba,1.416,2.832,0.118,1000000,fp8,100
deepseek/deepseek-v4-pro,SiliconFlow,1.5016,3.135,0.135,1048576,fp8,99.6
deepseek/deepseek-v4-pro,Novita,1.6,3.2,0.135,1048576,fp8,100
deepseek/deepseek-v4-pro,Venice,1.65,3.301,0.33,1000000,unknown,98.3
deepseek/deepseek-v4-pro,AtlasCloud,1.68,3.38,0.13,1048576,fp4,100
deepseek/deepseek-v4-pro,BaseTen,1.74,3.48,0.145,1048576,fp4,100.0
deepseek/deepseek-v4-pro,BaseTen,1.74,3.48,0.145,1048576,fp4,100.0
deepseek/deepseek-v4-pro,Parasail,1.74,3.48,0.1,1048576,fp8,99.9
deepseek/deepseek-v4-pro,NextBit,1.91,3.828,0.16,1048576,fp8,99.9
deepseek/deepseek-v4-pro,Azure,1.91,3.83,0.16,1048576,unknown,99.4
